hLeft,hRight,huLeft,huRight,hStar
8899.326826472694,8899.326826472694,122.0337839252433,-122.0337839252433,8899.739847378269
9894.065328676988,9894.065328676988,763.616897222239,-763.616897222239,9896.516538751875
1387.176994373967,1387.176994373967,-101.9619713277172,101.9619713277172,1386.303079031417
9976.904476606509,9976.904476606509,-906.6229611756387,906.6229611756387,9974.006714260977
6907.360046520149,6907.360046520149,-180.6064611678331,180.6064611678331,6906.666250464617
1065.53384380855,1065.53384380855,64.19327065348772,-64.19327065348772,1066.161808657808
3042.136044684769,3042.136044684769,-27.52440428024561,27.52440428024561,3041.976718035753
5973.686834276039,5973.686834276039,417.2334213893989,-417.2334213893989,5975.410506492273
10458.94716344883,10458.94716344883,-366.1438461063776,366.1438461063776,10457.80412356421
10539.5774699817,10539.5774699817,-988.5578370907829,988.5578370907829,10536.50332526859
1721.70769116386,1721.70769116386,-59.24568357838537,59.24568357838537,1721.251849777897
10601.88495517121,10601.88495517121,529.0874845681728,-529.0874845681728,10603.52561385381
10455.23457565769,10455.23457565769,-88.40698975464889,88.40698975464889,10454.95852909595
5301.858210999595,5301.858210999595,-58.83019916774978,58.83019916774978,5301.600254498357
8741.563561672365,8741.563561672365,287.7250122212896,-287.7250122212896,8742.54612546504
1549.924476825073,1549.924476825073,-25.11658054799043,25.11658054799043,1549.720793033016
4606.998490126802,4606.998490126802,103.3300832463779,-103.3300832463779,4607.484555512749
10002.67914164018,10002.67914164018,192.2137850623672,-192.2137850623672,10003.29276024427
8653.380660779014,8653.380660779014,440.8722302889034,-440.8722302889034,8654.893888610122
10480.63577348968,10480.63577348968,774.9297813818182,-774.9297813818182,10483.05267563456
7162.755656887399,7162.755656887399,-135.839856273752,135.839856273752,7162.243214703127
390.1786650658725,390.1786650658725,17.68031098916076,-17.68031098916076,390.4644919856917
9275.139408004652,9275.139408004652,806.4854949048764,-806.4854949048764,9277.813233911196
10202.10824525573,10202.10824525573,59.97969541735853,-59.97969541735853,10202.29784022366
7413.92409651146,7413.92409651146,-200.1528845392947,200.1528845392947,7413.181945278806
8276.895446307137,8276.895446307137,531.91393856354,-531.91393856354,8278.76224555218
8117.33594932846,8117.33594932846,-484.1964070985731,484.1964070985731,8115.620186133062
4284.395734371719,4284.395734371719,174.8088539777322,-174.8088539777322,4285.248452977065
7159.884994409452,7159.884994409452,-73.35198067164316,73.35198067164316,7159.608223703631
1869.972190965689,1869.972190965689,61.62613412225134,-61.62613412225134,1870.427220160485
7712.241419438187,7712.241419438187,-529.1742085480364,529.1742085480364,7710.317677680526
347.8101809805661,347.8101809805661,-12.44923873844168,12.44923873844168,347.5970872800678
3024.929764727801,3024.929764727801,-125.3971165482863,125.3971165482863,3024.201868832783
504.4300998640945,504.4300998640945,43.03145083932323,-43.03145083932323,505.0420028534442
1061.070446439163,1061.070446439163,-85.57961136413012,85.57961136413012,1060.231802027111
8994.729858819019,8994.729858819019,-603.5775531882331,603.5775531882331,8992.698063353751
7589.71304876485,7589.71304876485,-138.9853242339589,138.9853242339589,7589.203700916305
3463.77762070478,3463.77762070478,-181.9430839342203,181.9430839342203,3462.790670804752
10379.37543946135,10379.37543946135,-844.2858613041609,844.2858613041609,10376.72973259769
376.3545373332724,376.3545373332724,-4.37534933610834,4.37534933610834,376.2825329594498
4792.504640526839,4792.504640526839,361.0412571687617,-361.0412571687617,4794.169887964914
4167.863026826931,4167.863026826931,-46.6022500186668,46.6022500186668,4167.632559343786
8361.839876951553,8361.839876951553,-391.7761190030926,391.7761190030926,8360.472038617068
8686.068520120141,8686.068520120141,357.5237314993975,-357.5237314993975,8687.2933451524
2041.309459547477,2041.309459547477,-76.88832244533485,76.88832244533485,2040.766155978977
5349.796495194848,5349.796495194848,226.7099504242808,-226.7099504242808,5350.786158641125
4867.238070365155,4867.238070365155,-175.0737806312109,175.0737806312109,4866.436895273122
7059.777009445344,7059.777009445344,-616.1754239096902,616.1754239096902,7057.435810246512
7748.492047462727,7748.492047462727,640.7313352744369,-640.7313352744369,7750.816204258122
8243.542627293329,8243.542627293329,761.8408474320365,-761.8408474320365,8246.221845497674
3015.121916055472,3015.121916055472,-258.9779870559945,258.9779870559945,3013.61627419514
7424.492339272691,7424.492339272691,-488.2683917750566,488.2683917750566,7422.683232217561
7155.735497406262,7155.735497406262,422.3891375743329,-422.3891375743329,7157.329816636052
1776.30798353095,1776.30798353095,168.0203349375464,-168.0203349375464,1777.581035050841
1299.911675662148,1299.911675662148,-18.34376574020695,18.34376574020695,1299.749239207616
5443.730539800948,5443.730539800948,-158.6227770408695,158.6227770408695,5443.044152808293
10483.38325887115,10483.38325887115,984.155035380213,-984.155035380213,10486.45235196758
3718.133292374173,3718.133292374173,6.798453185097716,-6.798453185097716,3718.168889437373
6392.979643952109,6392.979643952109,140.5408413448599,-140.5408413448599,6393.540854616595
2444.797815061689,2444.797815061689,223.3470671904658,-223.3470671904658,2446.240223668349
8206.190088795647,8206.190088795647,321.2969878125315,-321.2969878125315,8207.322531779477
2786.503946161597,2786.503946161597,2.683867675769832,-2.683867675769832,2786.520179109593
5526.668875338351,5526.668875338351,35.57797304839598,-35.57797304839598,5526.821673446562
7636.115041578982,7636.115041578982,586.4573075202298,-586.4573075202298,7638.257913080102
9731.436227448527,9731.436227448527,493.7854087437557,-493.7854087437557,9733.034434738529
10478.44023751907,10478.44023751907,979.7417697890893,-979.7417697890893,10481.49628754084
5977.335233794622,5977.335233794622,595.7109230506985,-595.7109230506985,5979.795555675481
1514.294789017662,1514.294789017662,149.6091578049032,-149.6091578049032,1515.522529101014
1630.838422721585,1630.838422721585,-93.44536477008974,93.44536477008974,1630.099721861131
2812.862659793573,2812.862659793573,-63.50921900270038,63.50921900270038,2812.480351915906
9183.254587109546,9183.254587109546,15.29593953346581,-15.29593953346581,9183.305548813983
2777.624240906034,2777.624240906034,266.5834119527543,-266.5834119527543,2779.239435974243
8894.533155149682,8894.533155149682,216.8206495409566,-216.8206495409566,8895.267184655895
2660.123233383058,2660.123233383058,-78.30933576795319,78.30933576795319,2659.638493925785
10150.44655607409,10150.44655607409,-544.4896093549387,544.4896093549387,10148.72113911945
3822.972675852066,3822.972675852066,-3.327805366151179,3.327805366151179,3822.955491928629
2147.509920460087,2147.509920460087,-138.7308661966356,138.7308661966356,2146.554218056072
2742.688980672187,2742.688980672187,267.4573344066677,-267.4573344066677,2744.319763973371
6729.15599754974,6729.15599754974,-210.4193680517961,210.4193680517961,6728.337046967772
5169.834096564512,5169.834096564512,-56.99725727034494,56.99725727034494,5169.581006069367
3841.276795649113,3841.276795649113,299.5656738474751,-299.5656738474751,3842.820141831688
9075.241102511185,9075.241102511185,-817.6033901871887,817.6033901871887,9072.501129342252
6392.939667661208,6392.939667661208,-158.8955227470761,158.8955227470761,6392.305190377589
6004.730973364118,6004.730973364118,143.1297746598628,-143.1297746598628,6005.32071171222
10018.60639001302,10018.60639001302,532.3746184438161,-532.3746184438161,10020.30462421293
3122.31960257494,3122.31960257494,32.24481705124519,-32.24481705124519,3122.503846485193
8270.998102576408,8270.998102576408,-665.7837577252465,665.7837577252465,8268.660939327943
8233.082896804004,8233.082896804004,-179.0060159524065,179.0060159524065,8232.453037465852
4155.709986511821,4155.709986511821,166.0788149517619,-166.0788149517619,4156.532567382171
6202.415781641591,6202.415781641591,276.5301935856344,-276.5301935856344,6203.536889091102
828.6564048973439,828.6564048973439,41.8896500231276,-41.8896500231276,829.1210761870525
589.3971461953499,589.3971461953499,-49.23443055697827,49.23443055697827,588.7498379924385
5798.001671517009,5798.001671517009,-296.1034211829369,296.1034211829369,5796.760172147813
8510.943654404269,8510.943654404269,795.4241089767877,-795.4241089767877,8513.696681592937
10202.29870383537,10202.29870383537,-506.0981271565004,506.0981271565004,10200.69901989738
1419.065515158554,1419.065515158554,17.69763020263483,-17.69763020263483,1419.215515022438
6213.360847706961,6213.360847706961,293.3846194878283,-293.3846194878283,6214.549241333074
5127.253972278782,5127.253972278782,390.0555724753567,-390.0555724753567,5128.993319912317
130.1063051620598,130.1063051620598,0.4692650854372691,-0.4692650854372691,130.1194406293694
3682.490644768983,3682.490644768983,-313.0243275027697,313.0243275027697,3680.843907929579
1771.61735239479,1771.61735239479,-176.5058145030483,176.5058145030483,1770.278731839494
8676.070037890317,8676.070037890317,213.6512900051075,-213.6512900051075,8676.802387838632
3399.501904255404,3399.501904255404,-271.1984626161803,271.1984626161803,3398.017002767327
5773.267439134362,5773.267439134362,-284.9905947100127,284.9905947100127,5772.069974587245
1809.481072326107,1809.481072326107,-178.3748300792644,178.3748300792644,1808.142500418529
6575.548745930076,6575.548745930076,97.02460656597957,-97.02460656597957,6575.930767331473
2872.535341031996,2872.535341031996,174.3296972381973,-174.3296972381973,2873.573929334717
7144.605992661893,7144.605992661893,425.8042534964429,-425.8042534964429,7146.214454602103
7528.390017798305,7528.390017798305,498.8925779136542,-498.8925779136542,7530.225913294364
8172.159848413379,8172.159848413379,625.6005162358324,-625.6005162358324,8174.369498569679
4921.365880442783,4921.365880442783,-357.6778425799423,357.6778425799423,4919.738163844955
915.6809118604945,915.6809118604945,35.55975493273539,-35.55975493273539,916.0561410824774
2501.215429293812,2501.215429293812,53.89553546040334,-53.89553546040334,2501.559507901506
9976.483999682738,9976.483999682738,-944.0877582827874,944.0877582827874,9973.466437254323
1664.525101200823,1664.525101200823,-60.6713329846932,60.6713329846932,1664.05034254908
9020.498845118327,9020.498845118327,-315.5865691376957,315.5865691376957,9019.437990280148
5880.414420345604,5880.414420345604,503.0596757037985,-503.0596757037985,5882.50911006413
10880.87950971547,10880.87950971547,-371.1424115919863,371.1424115919863,10879.74355048297
854.0113005710253,854.0113005710253,83.09644381001564,-83.09644381001564,854.9193959867499
4835.4747407572,4835.4747407572,-316.7316682854589,316.7316682854589,4834.020605612588
1165.068208682523,1165.068208682523,12.18508008741199,-12.18508008741199,1165.182188728938
10506.91273717975,10506.91273717975,-671.6189925456091,671.6189925456091,10504.82089322274
50.71963021641869,50.71963021641869,-1.005044467601321,1.005044467601321,50.67458317512158
8464.447006043742,8464.447006043742,-583.820382198874,583.820382198874,8462.421099228743
8927.50307919745,8927.50307919745,-602.6088211314028,602.6088211314028,8925.466922433086
9488.852266685617,9488.852266685617,-321.2609686878748,321.2609686878748,9487.799324393416
922.3927405156735,922.3927405156735,16.00933819694832,-16.00933819694832,922.5610469602572
4366.925876107247,4366.925876107247,236.8035477874724,-236.8035477874724,4368.070055792535
2838.664410337696,2838.664410337696,-168.3741597970078,168.3741597970078,2837.655516851632
8739.248009490111,8739.248009490111,185.8810862248885,-185.8810862248885,8739.882860116746
4712.433237384298,4712.433237384298,451.1794777942159,-451.1794777942159,4714.531890037798
9947.103673953679,9947.103673953679,-192.9619789719596,192.9619789719596,9946.485967446897
1986.415090152058,1986.415090152058,-144.5654791606667,144.5654791606667,1985.379617852248
2881.619257169697,2881.619257169697,108.2700198699311,-108.2700198699311,2882.263247986024
1589.822282742264,1589.822282742264,22.86911597028862,-22.86911597028862,1590.005410040668
1486.376866774734,1486.376866774734,138.8498230854627,-138.8498230854627,1487.52695277925
9495.378784052697,9495.378784052697,-559.9700439131501,559.9700439131501,9493.544134309734
6332.213207794123,6332.213207794123,120.1993840596923,-120.1993840596923,6332.695486673009
6006.222984658255,6006.222984658255,-595.9995552731591,595.9995552731591,6003.767900866232
1583.441260997768,1583.441260997768,124.9480137007705,-124.9480137007705,1584.443941554272
9317.758898876245,9317.758898876245,534.9365506120807,-534.9365506120807,9319.528325876099
6794.808201211376,6794.808201211376,-616.5625583144071,616.5625583144071,6792.420302604744
3833.552856486275,3833.552856486275,263.398293688027,-263.398293688027,3834.911220560841
5606.324723967824,5606.324723967824,-48.04230641253051,48.04230641253051,5606.119869116467
4389.04915267246,4389.04915267246,-43.23879916466078,43.23879916466078,4388.840776170396
829.8841733390663,829.8841733390663,-38.41744080543334,38.41744080543334,829.4584480219513
2620.704145266607,2620.704145266607,112.9072907278235,-112.9072907278235,2621.408364130322
1347.112725204513,1347.112725204513,-64.94306455808585,64.94306455808585,1346.54785226386
2008.924771408838,2008.924771408838,140.0734348088285,-140.0734348088285,2009.922685948832
2621.101437837733,2621.101437837733,48.00812002653928,-48.00812002653928,2621.400837070054
4557.908195608568,4557.908195608568,-34.75209496880903,34.75209496880903,4557.74384936383
542.4753424480813,542.4753424480813,37.97638928007691,-37.97638928007691,542.9960493176884
9860.468068604616,9860.468068604616,669.3212267106255,-669.3212267106255,9862.620230920671
10320.01047332954,10320.01047332954,-292.3946329554781,292.3946329554781,10319.091537562
5361.808482028838,5361.808482028838,-219.2518089899027,219.2518089899027,5360.852535337829
5344.206569243406,5344.206569243406,352.1319974896934,-352.1319974896934,5345.744584374488
3689.009113478903,3689.009113478903,164.8055512617591,-164.8055512617591,3689.875492570698
9831.388164420121,9831.388164420121,-786.7965451695779,786.7965451695779,9828.854829910884
4033.382590176109,4033.382590176109,185.041436698666,-185.041436698666,4034.312894022642
1214.76769607404,1214.76769607404,71.59364053865879,-71.59364053865879,1215.423617665742
8522.793342271791,8522.793342271791,848.008027967812,-848.008027967812,8525.726340735131
4257.217316127771,4257.217316127771,251.2192191620854,-251.2192191620854,4258.446697970053
2640.093916036795,2640.093916036795,-45.32032401426478,45.32032401426478,2639.812313065457
4412.032366258977,4412.032366258977,-22.85653057429976,22.85653057429976,4411.922502676462
1053.672778414309,1053.672778414309,73.89962956531485,-73.89962956531485,1054.399770612753
1441.644275138998,1441.644275138998,-65.33609436099384,65.33609436099384,1441.094926273955
10290.11860304062,10290.11860304062,932.642802193798,-932.642802193798,10293.05423506633
10443.95758293013,10443.95758293013,833.2053071436693,-833.2053071436693,10446.56080988123
6283.10348404208,6283.10348404208,-592.5505830808647,592.5505830808647,6280.716977800909
653.071947611783,653.071947611783,-7.628500681821941,7.628500681821941,652.9766442268481
2564.600993766794,2564.600993766794,169.3971789497051,-169.3971789497051,2565.66908160659
3857.651073458682,3857.651073458682,-97.47976203390856,97.47976203390856,3857.149996558971
8970.002501082306,8970.002501082306,454.5219667862714,-454.5219667862714,8971.534796970427
168.3517494679358,168.3517494679358,4.107095228400408,-4.107095228400408,168.4528274609498
470.048985508235,470.048985508235,-40.21103550754131,40.21103550754131,469.4570118351327
1845.97809182112,1845.97809182112,44.93769042077662,-44.93769042077662,1846.312042716475
7090.388332949326,7090.388332949326,-440.8390873521298,440.8390873521298,7088.716915300087
7992.703618549656,7992.703618549656,-367.7860734227309,367.7860734227309,7991.39022136915
7075.429155337879,7075.429155337879,-125.8321613550972,125.8321613550972,7074.951545317276
4925.539645345212,4925.539645345212,-222.0239299340134,222.0239299340134,4924.529657592351
5975.078130443747,5975.078130443747,-88.17516486071354,88.17516486071354,5974.713935959208
3236.812159653706,3236.812159653706,-66.71961123092628,66.71961123092628,3236.437749433264
8134.379531671008,8134.379531671008,-479.6168363471839,479.6168363471839,8132.6817765937
2064.055629200484,2064.055629200484,186.8985546188163,-186.8985546188163,2065.369279617064
7501.748058649336,7501.748058649336,-545.0778587325698,545.0778587325698,7499.738902372237
2004.592354118197,2004.592354118197,-121.5148871242173,121.5148871242173,2003.725921061106
4025.057247463945,4025.057247463945,359.6113389014307,-359.6113389014307,4026.867176919007
6833.731538850408,6833.731538850408,-364.3886650751503,364.3886650751503,6832.324263637884
8522.52427415849,8522.52427415849,416.4992187175303,-416.4992187175303,8523.964776315928
886.2367733209725,886.2367733209725,29.93587094243883,-29.93587094243883,886.5578596661551
10151.78296089144,10151.78296089144,-921.3802825427479,921.3802825427479,10148.86350430625
8473.209588439579,8473.209588439579,-391.3317234333579,391.3317234333579,8471.852309268337
5317.325000739852,5317.325000739852,317.5899441992241,-317.5899441992241,5318.715638526997
4760.983363069379,4760.983363069379,-190.8419153531256,190.8419153531256,4760.100342556641
4880.318895021774,4880.318895021774,-423.6531385035665,423.6531385035665,4878.382879894169
3346.355282836856,3346.355282836856,-267.0128232066825,267.0128232066825,3344.881736580716
5554.54004272805,5554.54004272805,72.99974042078868,-72.99974042078868,5554.852772244812
5579.257795451955,5579.257795451955,2.22428931343198,-2.22428931343198,5579.267303004673
8931.047458004068,8931.047458004068,528.717508432387,-528.717508432387,8932.833779822644
8682.043566617958,8682.043566617958,-850.3378742119463,850.3378742119463,8679.130102994781
7037.986936105694,7037.986936105694,-442.9909479003484,442.9909479003484,7036.301120340238
4135.650286798113,4135.650286798113,-309.5494828102405,309.5494828102405,4134.113607193758
8864.993345819499,8864.993345819499,-132.155543246661,132.155543246661,8864.545213584124
5820.153906456446,5820.153906456446,181.4311879255038,-181.4311879255038,5820.913225635286
3831.092152370296,3831.092152370296,57.97230133643102,-57.97230133643102,3831.391195075259
10256.81406172476,10256.81406172476,-209.6863670615375,209.6863670615375,10256.15302977191
9568.023329937863,9568.023329937863,425.4756121507909,-425.4756121507909,9569.412146264232
6009.457733479466,6009.457733479466,-282.0582514845398,282.0582514845398,6008.296109216995
6799.395364391408,6799.395364391408,537.1017880764938,-537.1017880764938,6801.475157572057
6412.389307596666,6412.389307596666,511.3700106299758,-511.3700106299758,6414.42834563344
2269.26906352287,2269.26906352287,-27.7919728847881,27.7919728847881,2269.082797790113
3290.613665642876,3290.613665642876,5.693065862014933,-5.693065862014933,3290.645352145103
5143.995735857643,5143.995735857643,514.3427166624278,-514.3427166624278,5146.285633696293
2517.722173990853,2517.722173990853,8.458159185673079,-8.458159185673079,2517.775993504549
9222.484942611734,9222.484942611734,906.0033072437349,-906.0033072437349,9225.497301812069
2127.510334940879,2127.510334940879,-180.5005837914972,180.5005837914972,2126.261098911084
2467.843613561512,2467.843613561512,57.68480255095299,-57.68480255095299,2468.214366326622
1864.743998996059,1864.743998996059,59.3047211516025,-59.3047211516025,1865.182500091247
2486.877125050214,2486.877125050214,96.76090351238521,-96.76090351238521,2487.496659257067
4759.23672646689,4759.23672646689,-158.2288051054926,158.2288051054926,4758.504465836951
3398.270277082459,3398.270277082459,201.5733321119563,-201.5733321119563,3399.374368107427
10086.17583069373,10086.17583069373,-252.6660325647502,252.6660325647502,10085.37259972739
4699.255335493046,4699.255335493046,207.842596576692,-207.842596576692,4700.223408024512
2018.848664715938,2018.848664715938,-113.4427142435196,113.4427142435196,2018.042642766749
9884.114820890471,9884.114820890471,471.1106578875253,-471.1106578875253,9885.627811221158
10701.89153678352,10701.89153678352,-78.65440470434976,78.65440470434976,10701.64878870024
4793.876716456426,4793.876716456426,-415.8929992577497,415.8929992577497,4791.95910666587
1213.85527764166,1213.85527764166,-106.513965024706,106.513965024706,1212.879386721068
2818.940673447507,2818.940673447507,-59.01896928487438,59.01896928487438,2818.585777958407
4464.546879087407,4464.546879087407,26.78452253532024,-26.78452253532024,4464.67486548757
6498.149816396095,6498.149816396095,503.7640970697653,-503.7640970697653,6500.145221970289
2864.238921010175,2864.238921010175,-88.45368474227428,88.45368474227428,2863.711257817093
6584.955065320492,6584.955065320492,-571.9982198179425,571.9982198179425,6582.704733003755
7768.709969677119,7768.709969677119,-367.9770324250301,367.9770324250301,7767.377083311124
2422.239575670314,2422.239575670314,118.104506102035,-118.104506102035,2423.005803202921
1282.653000297968,1282.653000297968,69.63876332777608,-69.63876332777608,1283.273890052627
3240.690563163785,3240.690563163785,146.175221972109,-146.175221972109,3241.510438721524
3482.115391936412,3482.115391936412,235.4217667500908,-235.4217667500908,3483.38927698612
4633.273516353916,4633.273516353916,83.25923075939959,-83.25923075939959,4633.664054150924
5547.436043353394,5547.436043353394,514.4429248933703,-514.4429248933703,5549.641505942156
934.1890516145504,934.1890516145504,48.50209947003118,-48.50209947003118,934.6957709959235
2867.193449609887,2867.193449609887,-171.928506503885,171.928506503885,2866.168397208082
8749.582724513857,8749.582724513857,-849.2020941326184,849.2020941326184,8746.684400653363
319.273091811324,319.273091811324,-31.40812487434811,31.40812487434811,318.7121272109232
10145.97376551868,10145.97376551868,-691.4155454506782,691.4155454506782,10143.78230164605
7977.504014970113,7977.504014970113,587.6612998228748,-587.6612998228748,7979.604829238219
5337.175820856495,5337.175820856495,-402.2656205449647,402.2656205449647,5335.417950291185
6319.329241559024,6319.329241559024,-295.6131722995626,295.6131722995626,6318.142015590731
2591.948541844329,2591.948541844329,-21.0295111977622,21.0295111977622,2591.816662748004
5012.105750209388,5012.105750209388,428.5400600295141,-428.5400600295141,5014.038557995892
10519.91611463095,10519.91611463095,-388.7272139077306,388.7272139077306,10518.70609667586
5972.858865785748,5972.858865785748,-209.7937287670645,209.7937287670645,5971.992201067422
5692.466679872109,5692.466679872109,-372.9043499552162,372.9043499552162,5690.888768528934
2529.805486017206,2529.805486017206,-227.3407357911492,227.3407357911492,2528.36258262938
5340.330056839984,5340.330056839984,341.4614174675088,-341.4614174675088,5341.822003895812
6816.708343121211,6816.708343121211,-144.7776352933077,144.7776352933077,6816.14849438596
7418.297512876562,7418.297512876562,-134.0005503106574,134.0005503106574,7417.80079168957
4320.312700748043,4320.312700748043,223.2856364314597,-223.2856364314597,4321.397366544698
4013.610512051317,4013.610512051317,-365.5484637929235,365.5484637929235,4011.768497701581
10791.82742053452,10791.82742053452,-550.183095525732,550.183095525732,10790.13655827499
412.321635934628,412.321635934628,-18.58812033239365,18.58812033239365,412.0294186226225
9668.790153595639,9668.790153595639,-195.2126134381097,195.2126134381097,9668.156312801697
9975.932018303407,9975.932018303407,327.473974820742,-327.473974820742,9976.978850181806
8696.816451171271,8696.816451171271,498.7518305292562,-498.7518305292562,8698.524070893733
1078.334219754838,1078.334219754838,68.27423397920008,-68.27423397920008,1078.99813471557
2860.518941419832,2860.518941419832,205.6726617300715,-205.6726617300715,2861.746850588917
3663.202762913626,3663.202762913626,-122.9240592182542,122.9240592182542,3662.554348454343
7424.768412894663,7424.768412894663,-72.16761528565173,72.16761528565173,7424.501012228632
1491.669919332703,1491.669919332703,118.3826738111562,-118.3826738111562,1492.648706986776
7878.067967008348,7878.067967008348,185.1722102260246,-185.1722102260246,7878.734068834795
1166.259814335898,1166.259814335898,60.67481257702123,-60.67481257702123,1166.827135623492
7141.091519506677,7141.091519506677,632.3599098378028,-632.3599098378028,7143.480891917434
5397.961909910748,5397.961909910748,-515.415918084394,515.415918084394,5395.722346505549
8509.681972855218,8509.681972855218,568.7921004097282,-568.7921004097282,8511.650708942097
7810.450007370782,7810.450007370782,-116.2250761292222,116.2250761292222,7810.030130965572
9871.439682956643,9871.439682956643,777.9156904445346,-777.9156904445346,9873.939655683531
9731.646514805212,9731.646514805212,-728.9720005228453,728.9720005228453,9729.287357727038
3650.163025051671,3650.163025051671,-64.29385965870448,64.29385965870448,3649.823267782697
7632.500726592961,7632.500726592961,-25.14723890071943,25.14723890071943,7632.408825416815
2160.776736890404,2160.776736890404,-38.23976448502076,38.23976448502076,2160.514095868378
333.6987564855463,333.6987564855463,17.92264481199167,-17.92264481199167,334.0120794108199
8127.623145993792,8127.623145993792,-323.924660288213,323.924660288213,8126.476016610444
5461.845063951764,5461.845063951764,-165.79030516977,165.79030516977,5461.128853422977
5242.289547738419,5242.289547738419,495.8070071288936,-495.8070071288936,5244.476115427788
9882.381006409803,9882.381006409803,433.8166142510169,-433.8166142510169,9883.77434346263
6661.673400719606,6661.673400719606,-209.4669279619442,209.4669279619442,6660.854038497156
6746.869973474691,6746.869973474691,-392.879762697076,392.879762697076,6745.342937005822
9387.788304573576,9387.788304573576,779.2059115611268,-779.2059115611268,9390.356131703958
8798.460984137757,8798.460984137757,244.8530165001887,-244.8530165001887,8799.294430936554
6299.629115059206,6299.629115059206,-351.8980597230979,351.8980597230979,6298.213645675055
1998.162133419105,1998.162133419105,-162.8088682728404,162.8088682728404,1996.999440571896
2620.8773514421,2620.8773514421,229.0537005116978,-229.0537005116978,2622.306043469765
9683.469844990255,9683.469844990255,145.5862850535842,-145.5862850535842,9683.942207862125
313.3077673654309,313.3077673654309,30.99651457050074,-30.99651457050074,313.8671208609758
5351.292866719022,5351.292866719022,267.9284159995649,-267.9284159995649,5352.462308581312
1834.36821228729,1834.36821228729,-97.42157166521955,97.42157166521955,1833.642048841926
10690.22873603038,10690.22873603038,884.268176832057,-884.268176832057,10692.9594972237
7784.861714148779,7784.861714148779,553.2428682182807,-553.2428682182807,7786.863805025483
5466.751550643351,5466.751550643351,51.92557785825245,-51.92557785825245,5466.975776978858
5145.798315121603,5145.798315121603,-68.81220923054086,68.81220923054086,5145.492049566837
651.3168905723988,651.3168905723988,-11.12619059223941,11.12619059223941,651.1777055136082
7449.279109020217,7449.279109020217,-329.3490831092317,329.3490831092317,7448.060829133896
463.5753149206014,463.5753149206014,-38.71108049215118,38.71108049215118,463.0014546313813
780.4988098328167,780.4988098328167,-14.98284643869268,14.98284643869268,780.3275916504357
5698.081229237371,5698.081229237371,-451.9765760606256,451.9765760606256,5696.169701173313
1056.68207160441,1056.68207160441,-64.15736734043101,64.15736734043101,1056.052021468469
8936.736653808681,8936.736653808681,-514.5317162915783,514.5317162915783,8934.998984807404
8930.166886782044,8930.166886782044,629.1238141467286,-629.1238141467286,8932.292565738202
7891.307667423019,7891.307667423019,641.8374401901598,-641.8374401901598,7893.614668459477
1637.080228186832,1637.080228186832,-47.18148844816984,47.18148844816984,1636.707941539772
7204.968177517439,7204.968177517439,-715.7307236397857,715.7307236397857,7202.276279810983
5664.712557042609,5664.712557042609,-454.9952224449513,454.9952224449513,5662.782605527689
10627.90106168567,10627.90106168567,996.5955875306587,-996.5955875306587,10630.98774611602
7089.034074897067,7089.034074897067,-546.3176325640383,546.3176325640383,7086.962572443281
8742.110874574282,8742.110874574282,-45.80307300464789,45.80307300464789,8741.954469796628
4956.932372424142,4956.932372424142,-79.17011845360574,79.17011845360574,4956.573357559675
4723.112395826753,4723.112395826753,-391.4909365376762,391.4909365376762,4721.293820656636
9015.002587176545,9015.002587176545,811.9417522187435,-811.9417522187435,9017.733075480843
911.840787703918,911.840787703918,-80.04209101071719,80.04209101071719,910.9946839280748
1454.726916093027,1454.726916093027,-82.91653388708943,82.91653388708943,1454.032908708146
1894.023821098898,1894.023821098898,-34.73441953684576,34.73441953684576,1893.769010073296
4270.313614782163,4270.313614782163,49.69033408539256,-49.69033408539256,4270.556395225374
9081.260931031156,9081.260931031156,-22.84016378483825,22.84016378483825,9081.184408254869
8775.249249473454,8775.249249473454,18.41145804774457,-18.41145804774457,8775.312001062084
660.6266900727483,660.6266900727483,15.57612677851222,-15.57612677851222,660.8201890644443
4361.192628412088,4361.192628412088,231.6872367653156,-231.6872367653156,4362.312821410525
5755.164696642117,5755.164696642117,-309.1388641396873,309.1388641396873,5753.863731442064
4552.800588207986,4552.800588207986,-238.7022302326794,238.7022302326794,4551.671167562837
7174.980589105804,7174.980589105804,130.2827416035951,-130.2827416035951,7175.47166594386
6859.453002433509,6859.453002433509,76.40871012635243,-76.40871012635243,6859.74755871212
3189.442105421812,3189.442105421812,-95.37570008680413,95.37570008680413,3188.902933189016
4715.025732626772,4715.025732626772,319.3310063149713,-319.3310063149713,4716.510637858301
169.265873322235,169.265873322235,6.388444482122817,-6.388444482122817,169.4226842891949
10749.0280613935,10749.0280613935,-245.2883688231694,245.2883688231694,10748.27270793284
1826.080541497787,1826.080541497787,162.3086120288622,-162.3086120288622,1827.293425239817
1160.301135655795,1160.301135655795,-38.22933167822505,38.22933167822505,1159.942838539858
4067.93159062663,4067.93159062663,-194.0495369650764,194.0495369650764,4066.960263853676
2164.147310976912,2164.147310976912,-149.1555453521335,149.1555453521335,2163.123758458933
5348.95807004903,5348.95807004903,511.5567379195548,-511.5567379195548,5351.191488135505
3708.386554467246,3708.386554467246,281.0462475980445,-281.0462475980445,3709.860203016883
10394.75956676711,10394.75956676711,255.8452408311156,-255.8452408311156,10395.56077237975
10052.88687113479,10052.88687113479,269.007884741893,-269.007884741893,10053.7435032645
575.4908456672975,575.4908456672975,-27.94540257130702,27.94540257130702,575.1189796585387
8059.723977332153,8059.723977332153,490.8143487857585,-490.8143487857585,8061.469583123587
2939.691494551426,2939.691494551426,-256.8219538152583,256.8219538152583,2938.179358371951
4618.733422741208,4618.733422741208,94.52434817592525,-94.52434817592525,4619.177499635763
5984.49385396975,5984.49385396975,501.0513310099922,-501.0513310099922,5986.561953874272
10297.61607925695,10297.61607925695,-851.8830433566684,851.8830433566684,10294.93599244614
4563.118851450901,4563.118851450901,281.4835320732305,-281.4835320732305,4564.449364838927
10737.98209125024,10737.98209125024,224.2165112361402,-224.2165112361402,10738.67293325262
3292.892404781891,3292.892404781891,-305.8927436695755,305.8927436695755,3291.190678208806
7658.201710705818,7658.201710705818,-465.0196580038995,465.0196580038995,7656.505228321616
7278.519275856682,7278.519275856682,-461.9549370896087,461.9549370896087,7276.790583141677
5888.978377663124,5888.978377663124,163.7856920446413,-163.7856920446413,5889.659827731036
7625.506596929508,7625.506596929508,-255.0810968034049,255.0810968034049,7624.573995359453
7280.584398096456,7280.584398096456,714.7716090036066,-714.7716090036066,7283.259187212303
1945.840799414889,1945.840799414889,56.0478250529473,-56.0478250529473,1946.246488423148
1398.401288143445,1398.401288143445,19.44956803906143,-19.44956803906143,1398.567350975904
10913.05515197834,10913.05515197834,569.0353132014945,-569.0353132014945,10914.79434923269
1869.255407811308,1869.255407811308,-119.967833247143,119.967833247143,1868.369589756999
356.1987626549578,356.1987626549578,12.31965933093292,-12.31965933093292,356.4072028634611
6130.085335767618,6130.085335767618,370.268892129972,-370.268892129972,6131.595333177501
9632.727784435119,9632.727784435119,-701.7449613712197,701.7449613712197,9630.445107637261
7309.501851429183,7309.501851429183,-617.863870603851,617.863870603851,7307.194678578601
2080.202577406639,2080.202577406639,74.55372432814286,-74.55372432814286,2080.724503801939
4029.775432655924,4029.775432655924,262.0798865838951,-262.0798865838951,4031.093672015166
5032.609412695476,5032.609412695476,-218.9254544166643,218.9254544166643,5031.624168497256
10722.5313384535,10722.5313384535,278.921677673366,-278.921677673366,10723.39135698764
1708.511293170753,1708.511293170753,54.77117301824314,-54.77117301824314,1708.934385833201
9344.97560825489,9344.97560825489,640.6138229276086,-640.6138229276086,9347.091518761268
7042.863036231971,7042.863036231971,653.1236355612609,-653.1236355612609,7045.348025824811
4110.121352875678,4110.121352875678,-47.02029617235094,47.02029617235094,4109.887190374423
2085.559523066138,2085.559523066138,185.5688027163604,-185.5688027163604,2086.857080787269
4677.907442313834,4677.907442313834,344.5102484316306,-344.5102484316306,4679.515787078171
5265.226972650967,5265.226972650967,-47.65210771056169,47.65210771056169,5265.017303402396
1317.540652044904,1317.540652044904,-8.049771329645209,8.049771329645209,1317.469847490666
6439.290255324129,6439.290255324129,-54.27425502730592,54.27425502730592,6439.074313520013
2470.748025938477,2470.748025938477,103.4668184831515,-103.4668184831515,2471.412658422016
4201.294695487075,4201.294695487075,-6.533688353868338,6.533688353868338,4201.262512117887
6368.060258752842,6368.060258752842,-156.4648720570275,156.4648720570275,6367.434267751687
2750.578275765073,2750.578275765073,-18.40099731600979,18.40099731600979,2750.466257089852
3172.583375897445,3172.583375897445,-194.6170423257987,194.6170423257987,3171.480308400816
6740.583730227179,6740.583730227179,652.1253684865129,-652.1253684865129,6743.119960477685
2897.763377854951,2897.763377854951,-187.174121417726,187.174121417726,2896.653338841373
9004.761961042144,9004.761961042144,-822.8815882419245,822.8815882419245,9001.993532364766
10733.73231516286,10733.73231516286,569.4198405178087,-569.4198405178087,10735.48716702129
7976.60755793897,7976.60755793897,406.8438962151233,-406.8438962151233,7978.062025310406
3756.268515947961,3756.268515947961,16.60676613571637,-16.60676613571637,3756.355027629105
6379.889327400531,6379.889327400531,-484.5665348377431,484.5665348377431,6377.952551478379
1177.260953507405,1177.260953507405,78.51126252589891,-78.51126252589891,1177.991635566283
9899.703929547033,9899.703929547033,416.7688291017218,-416.7688291017218,9901.041338694551
9608.557632515847,9608.557632515847,-701.0009014519279,701.0009014519279,9606.274510235589
8932.498590005522,8932.498590005522,299.3925655009049,-299.3925655009049,8933.510011834633
2848.03193368284,2848.03193368284,220.9449485524084,-220.9449485524084,2849.353921721094
6492.253326006487,6492.253326006487,-42.97732203994809,42.97732203994809,6492.08303007586
246.0050505015516,246.0050505015516,14.68994412179702,-14.68994412179702,246.3041705510181
4645.207554698996,4645.207554698996,-66.71788599794573,66.71788599794573,4644.895020241365
3415.928400741584,3415.928400741584,-325.5194084715479,325.5194084715479,3414.15040187191
1763.997862117245,1763.997862117245,111.6966911419968,-111.6966911419968,1764.84706024127
1952.763057896118,1952.763057896118,-69.65754268368084,69.65754268368084,1952.25981125193
4619.280382040223,4619.280382040223,-148.9301896339963,148.9301896339963,4618.580790365921
1029.367068670726,1029.367068670726,-74.03808401827239,74.03808401827239,1028.63042440355
6537.774033829884,6537.774033829884,211.2439402473827,-211.2439402473827,6538.608192474011
5144.005652202083,5144.005652202083,61.67709730377365,-61.67709730377365,5144.280216774777
7601.954349193464,7601.954349193464,222.8888606336623,-222.8888606336623,7602.770561029622
7644.974984766729,7644.974984766729,519.1274758345954,-519.1274758345954,7646.870723115671
6974.771472603286,6974.771472603286,-54.0292556247253,54.0292556247253,6974.564922092221
367.1547013536091,367.1547013536091,19.1282732982142,-19.1282732982142,367.4734959335905
751.6690206664738,751.6690206664738,-13.65525407136452,13.65525407136452,751.5100090012783
3491.087907376559,3491.087907376559,184.0097461796304,-184.0097461796304,3492.082297608208
5798.730538021944,5798.730538021944,-375.479333871612,375.479333871612,5797.156353660866
7148.610465830436,7148.610465830436,-660.4930336398756,660.4930336398756,7146.116531357649
4452.524489280509,4452.524489280509,-322.7355987333411,322.7355987333411,4450.980403039997
8956.754896447137,8956.754896447137,848.3529115015518,-848.3529115015518,8959.617105779314
7846.734736637868,7846.734736637868,657.4040244420479,-657.4040244420479,7849.10439725133
10580.65663411424,10580.65663411424,-767.5456461088876,767.5456461088876,10578.27437525465
5803.860261416863,5803.860261416863,539.8238212885101,-539.8238212885101,5806.122828067507
3551.666282525977,3551.666282525977,161.0551418199044,-161.0551418199044,3552.529162496203
1153.887787962906,1153.887787962906,-53.22164843759273,53.22164843759273,1153.387609533714
6673.601429484749,6673.601429484749,-413.9288395709758,413.9288395709758,6671.983778861665
8506.956887444563,8506.956887444563,475.2800084488093,-475.2800084488093,8508.602201938247
4625.476233829991,4625.476233829991,-408.9001891049008,408.9001891049008,4623.556860215031
992.1627506562014,992.1627506562014,-57.04656623709121,57.04656623709121,991.5846010100385
2910.768093779808,2910.768093779808,112.6666220067816,-112.6666220067816,2911.434872657687
1678.492326249842,1678.492326249842,-40.02666056702242,40.02666056702242,1678.180412157314
3069.520919577472,3069.520919577472,20.46632623161992,-20.46632623161992,3069.638863145447
4807.149973315797,4807.149973315797,451.5701132237051,-451.5701132237051,4809.229640347891
5758.080168251605,5758.080168251605,-553.8681021061541,553.8681021061541,5755.749990491629
4996.546346406463,4996.546346406463,-461.5410704965462,461.5410704965462,4994.461876703439
9561.783971553512,9561.783971553512,864.66808876202,-864.66808876202,9564.607404750637
5658.783179628341,5658.783179628341,-346.5823983462684,346.5823983462684,5657.312282677861
10307.28992794204,10307.28992794204,584.3569318117744,-584.3569318117744,10309.12769645429
6965.796478242357,6965.796478242357,254.2104451255176,-254.2104451255176,6966.768976099675
10460.99090488961,10460.99090488961,-591.0657195684306,591.0657195684306,10459.1459077136
2629.34294854979,2629.34294854979,-186.7142713184524,186.7142713184524,2628.180506306364
7385.383925103762,7385.383925103762,613.019558157369,-613.019558157369,7387.661573933672
3157.552316400309,3157.552316400309,12.4788550740763,-12.4788550740763,3157.62321985526
7338.260590819473,7338.260590819473,-242.8874221121781,242.8874221121781,7337.355357433628
7593.119676603626,7593.119676603626,91.66816317861274,-91.66816317861274,7593.455552397177
742.7850099979255,742.7850099979255,55.43494165164439,-55.43494165164439,743.4345597312166
2783.172880509089,2783.172880509089,231.6968292856346,-231.6968292856346,2784.575274953793
2447.289256692941,2447.289256692941,-10.79071078725879,10.79071078725879,2447.219614921821
7294.836877170826,7294.836877170826,-714.9480215194778,714.9480215194778,7292.164532982987
9223.395525746655,9223.395525746655,-56.98612704671258,56.98612704671258,9223.206079069714
3762.662918641283,3762.662918641283,62.08704926698969,-62.08704926698969,3762.986086517631
8525.716166784623,8525.716166784623,170.955850839941,-170.955850839941,8526.307308432191
7376.752154154477,7376.752154154477,698.3298032167991,-698.3298032167991,7379.348315494987
73.45137830072967,73.45137830072967,-3.452766849634174,3.452766849634174,73.32280742549807
6577.60823585595,6577.60823585595,-543.3670696696965,543.3670696696965,6575.469340687633
4224.801757752715,4224.801757752715,-304.3974965629133,304.3974965629133,4223.30667587358
10005.47235964756,10005.47235964756,-402.8827952237374,402.8827952237374,10004.18644700846
12.67299702123834,12.67299702123834,1.054116635418725,-1.054116635418725,12.76771260352435
5051.432166403956,5051.432166403956,-407.8136572393537,407.8136572393537,5049.600355576454
4635.264561903344,4635.264561903344,418.2670421234309,-418.2670421234309,4637.226240314517
5034.689466134374,5034.689466134374,-196.5171075897919,196.5171075897919,5033.805245906778
8412.554715591839,8412.554715591839,-471.7576726567267,471.7576726567267,8410.91261664374
3522.459549901183,3522.459549901183,-47.03281790343208,47.03281790343208,3522.206541064426
8571.80731667158,8571.80731667158,-139.0506246280411,139.0506246280411,8571.327808330003
5148.734189981011,5148.734189981011,-327.4285714900086,327.4285714900086,5147.277386030646
390.7363354985753,390.7363354985753,-15.16665552545445,15.16665552545445,390.491403602446
1921.176242511208,1921.176242511208,-81.99317468495289,81.99317468495289,1920.579034204125
7883.862998731012,7883.862998731012,-449.1861613875313,449.1861613875313,7882.24789624503
5171.987501160194,5171.987501160194,-250.6242254480929,250.6242254480929,5170.874907828671
1668.273672386806,1668.273672386806,-112.9637793648007,112.9637793648007,1667.39076817194
3726.204082797421,3726.204082797421,-187.8076663106527,187.8076663106527,3725.221844483198
6634.612381991659,6634.612381991659,-386.4667808724549,386.4667808724549,6633.097617564062
2094.533425409217,2094.533425409217,-153.342698982998,153.342698982998,2093.463805457012
8065.936373068133,8065.936373068133,285.1490233629739,-285.1490233629739,8066.950106182282
2652.746162429361,2652.746162429361,-112.0177966615236,112.0177966615236,2652.051815925109
10021.1260882054,10021.1260882054,504.4285717009058,-504.4285717009058,10022.73497075086
2939.059711371378,2939.059711371378,20.26156388965424,-20.26156388965424,2939.179038355098
8361.656681555973,8361.656681555973,808.909082267094,-808.909082267094,8364.481273454268
2060.854772493456,2060.854772493456,148.7326776177811,-148.7326776177811,2061.900944979512
3140.442544401351,3140.442544401351,213.649915170022,-213.649915170022,3141.65989274652
995.3323638480213,995.3323638480213,-12.83327606063015,12.83327606063015,995.2024950554002
6294.035064982026,6294.035064982026,-613.6332224108188,613.6332224108188,6291.565802941564
7464.476706507496,7464.476706507496,42.04328018760726,-42.04328018760726,7464.632075612726
5970.536590670096,5970.536590670096,312.5532258395083,-312.5532258395083,5971.828125975037
4650.336139758985,4650.336139758985,228.6786538315304,-228.6786538315304,4651.406854900828
7039.348501574489,7039.348501574489,624.7408687240951,-624.7408687240951,7041.726085425469
7074.027374376232,7074.027374376232,526.8684701950912,-526.8684701950912,7076.027535722625
7417.000004960045,7417.000004960045,500.7638474989336,-500.7638474989336,7418.856575678321
6944.798238945336,6944.798238945336,409.2629085440232,-409.2629085440232,6946.366298585279
10324.23683749399,10324.23683749399,-422.5117721751266,422.5117721751266,10322.90925545285
2282.296157659448,2282.296157659448,-137.9078643075704,137.9078643075704,2281.374595396876
7747.584038707281,7747.584038707281,-545.478343734986,545.478343734986,7745.605556573875
2580.44659250324,2580.44659250324,89.94198895690737,-89.94198895690737,2581.011925492466
1304.265214689968,1304.265214689968,114.9004439595716,-114.9004439595716,1305.281203147132
6633.680944109187,6633.680944109187,43.4334010350747,-43.4334010350747,6633.851204972442
4916.954063958482,4916.954063958482,-77.23552574812413,77.23552574812413,4916.602400888971
5010.758567126583,5010.758567126583,-274.4442893393876,274.4442893393876,5009.520793761408
7230.522525065437,7230.522525065437,116.8112835694573,-116.8112835694573,7230.961128508452
8413.92867820038,8413.92867820038,-51.42540063349327,51.42540063349327,8413.749682970622
3825.53136081719,3825.53136081719,-132.4743144272961,132.4743144272961,3824.847556426414
7231.230842876827,7231.230842876827,687.6904150163249,-687.6904150163249,7233.813050238492
4545.800278240087,4545.800278240087,204.9192201113256,-204.9192201113256,4546.77071265509
9196.492134847169,9196.492134847169,875.3264241401918,-875.3264241401918,9199.406599774689
9098.050414758582,9098.050414758582,685.2991086227345,-685.2991086227345,9100.344443553124
2801.204958118976,2801.204958118976,99.88858473963542,-99.88858473963542,2801.807562473984
6700.931628207037,6700.931628207037,73.50903231864004,-73.50903231864004,6701.218338479861
6360.007624130902,6360.007624130902,532.0048580478808,-532.0048580478808,6362.137668401154
5906.595779409928,5906.595779409928,-285.1243347303622,285.1243347303622,5905.411349455148
9502.465896446514,9502.465896446514,40.79400457670379,-40.79400457670379,9502.599508366067
2892.281306193307,2892.281306193307,-201.0727490407042,201.0727490407042,2891.087720420403
3474.423126479609,3474.423126479609,-6.300587169652445,6.300587169652445,3474.388999009042
1302.28043193493,1302.28043193493,38.96145144231646,-38.96145144231646,1302.62516036475
10265.85730457757,10265.85730457757,-167.0234174652817,167.0234174652817,10265.33099692618
7051.463130324875,7051.463130324875,-173.9585033823926,173.9585033823926,7050.801734643034
5237.276806116702,5237.276806116702,-54.39320940574072,54.39320940574072,5237.036838608468
6983.359165441104,6983.359165441104,-287.682804129688,287.682804129688,6982.260083376001
5950.034075283831,5950.034075283831,372.6338386833236,-372.6338386833236,5951.576543419296
7070.683299241834,7070.683299241834,106.0499606411912,-106.0499606411912,7071.085971303487
5940.966057078057,5940.966057078057,55.90405605120589,-55.90405605120589,5941.197628259539
7876.09223659328,7876.09223659328,77.82237914663892,-77.82237914663892,7876.372211083575
5707.316225003286,5707.316225003286,80.72069533653628,-80.72069533653628,5707.657371497075
10854.33560927207,10854.33560927207,-795.0399587573663,795.0399587573663,10851.89932221115
2388.704855701201,2388.704855701201,98.99568851069938,-98.99568851069938,2389.351595996907
1155.734538712242,1155.734538712242,-96.07315509033151,96.07315509033151,1154.832440685944
1198.32540498685,1198.32540498685,72.64759550053468,-72.64759550053468,1198.995536511917
694.7085451610795,694.7085451610795,13.20125521191788,-13.20125521191788,694.86846575429
4419.327294752848,4419.327294752848,-429.7794103331642,429.7794103331642,4417.263424911562
4897.677318502328,4897.677318502328,463.1114238074861,-463.1114238074861,4899.790334247415
3995.910099603344,3995.910099603344,-100.2130293768917,100.2130293768917,3995.403962611413
8339.861191991589,8339.861191991589,289.9603150181704,-289.9603150181704,8340.874958278875
6858.612154525566,6858.612154525566,-84.44363539733114,84.44363539733114,6858.286610940161
8432.44175140902,8432.44175140902,559.3576023649604,-559.3576023649604,8434.386678852543
10189.65954815555,10189.65954815555,746.2403040890746,-746.2403040890746,10192.01996935974
10625.34834827492,10625.34834827492,-545.7490613516208,545.7490613516208,10623.6580255438
2097.625660799585,2097.625660799585,188.7565424462578,-188.7565424462578,2098.941708416666
1517.022917502863,1517.022917502863,149.5376136074279,-149.5376136074279,1518.24896576623
7605.417199957553,7605.417199957553,488.4240912642066,-488.4240912642066,7607.205443133155
1024.896152461856,1024.896152461856,65.23723699518898,-65.23723699518898,1025.546866274083
5739.092303355525,5739.092303355525,466.0085884264028,-466.0085884264028,5741.056454755946
5793.049897505247,5793.049897505247,-513.437013770879,513.437013770879,5790.89632911732
9406.330159849371,9406.330159849371,-16.30464822135922,16.30464822135922,9406.27648557266
5296.152962389609,5296.152962389609,384.6857122381272,-384.6857122381272,5297.840781444158
4297.823833554356,4297.823833554356,391.0848333714778,-391.0848333714778,4299.728681309542
7334.142338659386,7334.142338659386,4.361466441432132,-4.361466441432132,7334.158598774095
8096.860516350298,8096.860516350298,444.6273461027963,-444.6273461027963,8098.438216584603
5680.633101305195,5680.633101305195,-118.4920326899669,118.4920326899669,5680.131167227423
3798.165508364407,3798.165508364407,14.53774867872371,-14.53774867872371,3798.240822737101
1638.520003603474,1638.520003603474,49.848260581729,-49.848260581729,1638.913205569899
6401.983650369259,6401.983650369259,91.55596749475653,-91.55596749475653,6402.348993602563
2863.51330554084,2863.51330554084,-55.11232364035217,55.11232364035217,2863.184490142146
485.672049955199,485.672049955199,23.92511085545276,-23.92511085545276,486.0187272180593
8246.23607796617,8246.23607796617,-324.3637449655118,324.3637449655118,8245.095684016218
2652.044463478367,2652.044463478367,238.3534194306731,-238.3534194306731,2653.52240402341
4832.460464920227,4832.460464920227,-269.1308129947556,269.1308129947556,4831.224469127867
7512.89663776693,7512.89663776693,-742.3772229820537,742.3772229820537,7510.162333075829
3923.949742219523,3923.949742219523,-92.11794384425545,92.11794384425545,3923.480242840355
8043.142631592027,8043.142631592027,252.9931344633777,-252.9931344633777,8044.043317782766
4311.48975246993,4311.48975246993,-355.3337051394937,355.3337051394937,4309.762146445561
7465.051514891228,7465.051514891228,-466.5119330028385,466.5119330028385,7463.327715292183
7690.410081541188,7690.410081541188,-582.1553234150814,582.1553234150814,7688.290746122683
4831.40203038656,4831.40203038656,404.6783538444366,-404.6783538444366,4833.261035766808
213.9463820729003,213.9463820729003,4.254740398055068,-4.254740398055068,214.0392644262251
3614.060625578298,3614.060625578298,-329.8957545397353,329.8957545397353,3612.308795946329
4634.832633908361,4634.832633908361,-25.80687796626875,25.80687796626875,4634.711607233562
2952.263835148449,2952.263835148449,-274.1166073543462,274.1166073543462,2950.653322944288
2152.518636596663,2152.518636596663,-170.3901587729935,170.3901587729935,2151.346232316425
8975.760503332387,8975.760503332387,30.3103445967081,-30.3103445967081,8975.862649476632
4696.131554693419,4696.131554693419,111.6094296531564,-111.6094296531564,4696.651560603155
9697.222133342153,9697.222133342153,87.26846224829546,-87.26846224829546,9697.505078532213
4272.991859422287,4272.991859422287,-402.5237705633498,402.5237705633498,4271.026051697022
8401.136453442354,8401.136453442354,-567.43134303735,567.43134303735,8399.160010629083
4334.253740339735,4334.253740339735,316.8370763183187,-316.8370763183187,4335.790418117273
8831.499469377472,8831.499469377472,503.4393959355323,-503.4393959355323,8833.209943450811
8247.807152454374,8247.807152454374,-736.8490852112242,736.8490852112242,8245.216908347898
4122.391536233828,4122.391536233828,-232.2441349327272,232.2441349327272,4121.236740382656
2359.67461904631,2359.67461904631,34.44752714099819,-34.44752714099819,2359.901035458279
8633.718041852595,8633.718041852595,234.7482870929306,-234.7482870929306,8634.524680713299
10369.34662913533,10369.34662913533,278.606798544758,-278.606798544758,10370.22018494433
3578.097236403466,3578.097236403466,40.62827592340079,-40.62827592340079,3578.314093880263
7332.320718444354,7332.320718444354,630.4806359780497,-630.4806359780497,7334.671711392677
4791.419144797316,4791.419144797316,-403.3747097419141,403.3747097419141,4789.558772267568
9104.427005618378,9104.427005618378,172.6232071429819,-172.6232071429819,9105.004629653733
8398.294999288684,8398.294999288684,-683.7267174735929,683.7267174735929,8395.91310936142
1827.010477438845,1827.010477438845,63.94586071405941,-63.94586071405941,1827.488156050714
9415.512768862734,9415.512768862734,529.634191668299,-529.634191668299,9417.255537018471
10812.47353411692,10812.47353411692,-774.0101231368993,774.0101231368993,10810.09710019279
5619.14741541181,5619.14741541181,-131.4246291985078,131.4246291985078,5618.58766267221
9659.101615615733,9659.101615615733,-265.0890741098169,265.0890741098169,9658.240464681739
6423.108602134718,6423.108602134718,433.9648035066735,-433.9648035066735,6424.837528872205
1690.459904369976,1690.459904369976,-132.6532625931729,132.6532625931729,1689.429957483077
2183.201614071949,2183.201614071949,-200.6714699375297,200.6714699375297,2181.830618636642
4445.26768606828,4445.26768606828,-183.3723558308829,183.3723558308829,4444.389616444035
8178.212560069998,8178.212560069998,-557.3512530915903,557.3512530915903,8176.244949454966
9017.952019832177,9017.952019832177,811.61597222788,-811.61597222788,9020.680966005697
8628.866176084111,8628.866176084111,438.1167574209999,-438.1167574209999,8630.372080614869
3479.340332493191,3479.340332493191,-192.468254555116,192.468254555116,3478.29863015685
5833.682463270445,5833.682463270445,185.4092514074629,-185.4092514074629,5834.457531486007
982.6312642110569,982.6312642110569,-24.27811463424748,24.27811463424748,982.3840019468522
1220.261843822361,1220.261843822361,-115.9116434519399,115.9116434519399,1219.202658944521
1488.823512053036,1488.823512053036,4.988815039890526,-4.988815039890526,1488.864792491362
7413.019125332456,7413.019125332456,-633.6651628419696,633.6651628419696,7410.669528487218
5408.918579516363,5408.918579516363,2.866727196039171,-2.866727196039171,5408.931024573378
2072.306764930028,2072.306764930028,117.7520067366108,-117.7520067366108,2073.132707881853
5407.048626368182,5407.048626368182,490.1033289364835,-490.1033289364835,5409.176842511069
1612.42460865137,1612.42460865137,-6.116465143374774,6.116465143374774,1612.375976551989
600.5826066562935,600.5826066562935,3.08181923298417,-3.08181923298417,600.6227573950318
9292.434541258828,9292.434541258828,-59.13377654693436,59.13377654693436,9292.238686526987
6123.091717297407,6123.091717297407,-597.1022517348331,597.1022517348331,6120.655670534374
10154.21765158303,10154.21765158303,-646.2274296575264,646.2274296575264,10152.17023716751
7609.795831664751,7609.795831664751,352.7490614746509,-352.7490614746509,7611.086941767692
6365.925712615702,6365.925712615702,-408.3890532065685,408.3890532065685,6364.291603952393
8906.683740967872,8906.683740967872,489.3126904156657,-489.3126904156657,8908.339183607193
9601.568879914974,9601.568879914974,483.2840790348457,-483.2840790348457,9603.143641053084
10801.98158243735,10801.98158243735,-199.1860410073802,199.1860410073802,10801.36970205487
5.805906023907732,5.805906023907732,0.1124270127156295,-0.1124270127156295,5.820812651197588
9453.285729635267,9453.285729635267,691.5967894451745,-691.5967894451745,9455.556917991096
6691.163546173719,6691.163546173719,-100.6123121313788,100.6123121313788,6690.770847503173
10813.32609695756,10813.32609695756,396.4040749157803,-396.4040749157803,10814.54322474123
5763.949397383806,5763.949397383806,333.8626282932169,-333.8626282932169,5765.353502650732
5237.933936651219,5237.933936651219,-27.2022264745592,27.2022264745592,5237.813934936272
8753.219895116285,8753.219895116285,-792.5030434033828,792.5030434033828,8750.515631852839
2488.828386717095,2488.828386717095,168.5348656128726,-168.5348656128726,2489.907097009185
5440.783942738165,5440.783942738165,99.16547096679383,-99.16547096679383,5441.213186310258
9840.111732235089,9840.111732235089,-239.5356772770661,239.5356772770661,9839.340780513541
6277.12449655904,6277.12449655904,564.7559618213007,-564.7559618213007,6279.400564948274
9231.981315345243,9231.981315345243,904.2552042068983,-904.2552042068983,9234.986314725451
8068.267909465774,8068.267909465774,774.8875002218646,-774.8875002218646,8071.022461967566
6400.836392332596,6400.836392332596,275.9647323545543,-275.9647323545543,6401.937727217286
2695.181227344804,2695.181227344804,-90.71720864510802,90.71720864510802,2694.623350015815
7279.364341780549,7279.364341780549,-453.9992392173052,453.9992392173052,7277.665517137139
911.9827729814474,911.9827729814474,74.3953470420617,-74.3953470420617,912.7694773310615
6837.458733429204,6837.458733429204,435.9822431062727,-435.9822431062727,6839.142235544717
7219.59740645882,7219.59740645882,-629.6887931169753,629.6887931169753,7217.231490109314
7971.179515630006,7971.179515630006,86.64331317253158,-86.64331317253158,7971.489359902529
9729.785366621496,9729.785366621496,-667.2713417834883,667.2713417834883,9727.625672543243
10729.79810355763,10729.79810355763,-133.3564929899133,133.3564929899133,10729.38706768329
8400.204699123995,8400.204699123995,304.0257057519628,-304.0257057519628,8401.263817626068
6351.239987062971,6351.239987062971,-537.6874958402773,537.6874958402773,6349.0860681687
10140.06357965788,10140.06357965788,-108.6905726042935,108.6905726042935,10139.71896531885
6336.427065179459,6336.427065179459,546.4958997926047,-546.4958997926047,6338.619202400767
185.6046354579049,185.6046354579049,8.182859482018438,-8.182859482018438,185.7964529911009
1320.249095109551,1320.249095109551,-83.78923639366479,83.78923639366479,1319.512946937276
9423.489180356491,9423.489180356491,-232.6244165539789,232.6244165539789,9422.724101658925
5290.070791969796,5290.070791969796,-177.7931474031624,177.7931474031624,5289.290362331675
9228.458533396524,9228.458533396524,625.3224019625281,-625.3224019625281,9230.536934429609
2287.43173276067,2287.43173276067,31.66497918860244,-31.66497918860244,2287.643120923988
6032.77832362804,6032.77832362804,163.8459751907286,-163.8459751907286,6033.45185016385
6880.316215058673,6880.316215058673,-282.2220335328968,282.2220335328968,6879.229951847915
349.5378651745184,349.5378651745184,-13.93487598283973,13.93487598283973,349.2999360727663
6714.614677016526,6714.614677016526,599.892486203242,-599.892486203242,6716.952255274045
3958.720402408554,3958.720402408554,41.20653341405708,-41.20653341405708,3958.929505231752
541.1443608764346,541.1443608764346,45.43587704349883,-45.43587704349883,541.7681429490477
5347.672991783886,5347.672991783886,-61.70254451806219,61.70254451806219,5347.403602274333
2102.891056186043,2102.891056186043,38.70199361904152,-38.70199361904152,2103.160522423098
1344.543774444359,1344.543774444359,78.73945509190429,-78.73945509190429,1345.229461225531
2244.712828824587,2244.712828824587,126.0223592688429,-126.0223592688429,2245.562153568399
1600.482368646442,1600.482368646442,-71.59165179974048,71.59165179974048,1599.91106937399
2065.335361764361,2065.335361764361,-71.94756771240371,71.94756771240371,2064.829933237931
465.9922843824189,465.9922843824189,43.86408094433779,-43.86408094433779,466.6412717154603
6938.366845860492,6938.366845860492,239.2796005029467,-239.2796005029467,6939.284030754104
3078.931666781936,3078.931666781936,-180.3654511205102,180.3654511205102,3077.89394191185
5883.191514289253,5883.191514289253,-491.8724728950295,491.8724728950295,5881.144250831072
7593.365879850438,7593.365879850438,631.5828902903669,-631.5828902903669,7595.680137842797
5451.944215270325,5451.944215270325,-139.2857888637751,139.2857888637751,5451.341954453972
5852.65493196941,5852.65493196941,-102.8415990444813,102.8415990444813,5852.225741672216
4862.83571452867,4862.83571452867,138.1754939627582,-138.1754939627582,4863.468367930046
1353.81226820372,1353.81226820372,-93.2303776101664,93.2303776101664,1353.003398010097
5356.272716551162,5356.272716551162,-309.8115103623306,309.8115103623306,5354.921253092933
9317.398850787737,9317.398850787737,-251.6746515685971,251.6746515685971,9316.566420394609
9546.009054227714,9546.009054227714,343.3430054275059,-343.3430054275059,9547.131061159442
2952.524991633136,2952.524991633136,-10.87122878148774,10.87122878148774,2952.461114562482
2277.1234216406,2277.1234216406,171.2582872826507,-171.2582872826507,2278.269405306829
6171.371851173371,6171.371851173371,-86.28636566824537,86.28636566824537,6171.021171457397
6994.226066252807,6994.226066252807,645.3879581547653,-645.3879581547653,6996.690146016899
4555.307238795244,4555.307238795244,-176.4275991953209,176.4275991953209,4554.472687008674
2249.970556158694,2249.970556158694,-220.7251411347325,220.7251411347325,2248.485109082702
10354.37348388528,10354.37348388528,-444.4031877357314,444.4031877357314,10352.97915210083
896.5637951284596,896.5637951284596,-56.07552014002979,56.07552014002979,895.9659677594609
1154.764066552143,1154.764066552143,111.2496003995508,-111.2496003995508,1155.809546137944
1551.615174557372,1551.615174557372,145.7807054428271,-145.7807054428271,1552.797007756613
1818.347395693144,1818.347395693144,-95.78794758170083,95.78794758170083,1817.630270287072
6782.831267705373,6782.831267705373,153.657158547822,-153.657158547822,6783.426960465895
6266.731761360408,6266.731761360408,-284.0073315530433,284.0073315530433,6265.586368032259
568.9467955925539,568.9467955925539,-51.2565983894912,51.2565983894912,568.2609150196154
10171.61272407591,10171.61272407591,626.6278428383753,-626.6278428383753,10173.59654034944
7959.271548971757,7959.271548971757,752.3196698617108,-752.3196698617108,7961.964124986017
8059.544384431078,8059.544384431078,-700.3747104262991,700.3747104262991,8057.053766270473
692.6673610676535,692.6673610676535,57.84103720992462,-57.84103720992462,693.3692188780573
9398.692270066607,9398.692270066607,-82.83408953224642,82.83408953224642,9398.419474233122
10206.60711441333,10206.60711441333,-266.2586634229589,266.2586634229589,10205.7656813098
10752.68276460813,10752.68276460813,478.6393001638548,-478.6393001638548,10754.15653665268
9382.288694637871,9382.288694637871,-717.7126524189409,717.7126524189409,9379.923132691361
8580.760839741928,8580.760839741928,-343.2238123707894,343.2238123707894,8579.577893416175
5607.721543232081,5607.721543232081,-99.22989151567766,99.22989151567766,5607.298478715651
1940.051676105564,1940.051676105564,112.1414573989638,-112.1414573989638,1940.864638629221
4353.893072845614,4353.893072845614,424.5853692456888,-424.5853692456888,4355.947746541654
1463.031054541609,1463.031054541609,-123.2230467781916,123.2230467781916,1462.002672867085
337.5065409411056,337.5065409411056,26.02360581835163,-26.02360581835163,337.9589562208067
10258.34485539767,10258.34485539767,-89.72683458194014,89.72683458194014,10258.06201189803
3291.266143477162,3291.266143477162,-110.1608288358312,110.1608288358312,3290.653100438427
3228.216073974318,3228.216073974318,66.50537758141806,-66.50537758141806,3228.589800161645
3636.763006496543,3636.763006496543,172.483254697003,-172.483254697003,3637.676240751947
5101.885806916155,5101.885806916155,494.5097485466744,-494.5097485466744,5104.096467240657
7080.371193829835,7080.371193829835,65.05624738401568,-65.05624738401568,7080.618042207137
275.6674264484355,275.6674264484355,-1.171257549162848,1.171257549162848,275.6449039636316
9199.522827456391,9199.522827456391,-512.4098404305058,512.4098404305058,9197.817215719568
6106.412488911516,6106.412488911516,465.3633841555935,-465.3633841555935,6108.31399814212
9329.433745913821,9329.433745913821,-473.1067066287594,473.1067066287594,9327.869954737642
3799.984439636673,3799.984439636673,344.819392391693,-344.819392391693,3801.770586994411
4872.049076705889,4872.049076705889,-363.3203816688242,363.3203816688242,4870.387339306383
592.5578885504584,592.5578885504584,-2.690776430284457,2.690776430284457,592.5225969582364
1934.645591578439,1934.645591578439,-97.60118806140895,97.60118806140895,1933.937189005363
7239.952460799724,7239.952460799724,14.60360420697358,-14.60360420697358,7240.007258018287
3613.745114605696,3613.745114605696,-88.4968630280562,88.4968630280562,3613.275111754846
9814.264083564054,9814.264083564054,-269.7675918351364,269.7675918351364,9813.394689274708
1290.70923263342,1290.70923263342,-101.4067621451884,101.4067621451884,1289.808196121817
10796.58903611834,10796.58903611834,165.3859840071476,-165.3859840071476,10797.09722601068
5898.324467791301,5898.324467791301,509.4088451123752,-509.4088451123752,5900.442373510162
7721.758971262538,7721.758971262538,-511.257095838388,511.257095838388,7719.901506409963
10917.54696632723,10917.54696632723,-566.3826922321103,566.3826922321103,10915.81637021474
3144.278393415744,3144.278393415744,146.0794810222998,-146.0794810222998,3145.110201113213
4527.929692329423,4527.929692329423,-0.2029372216128293,0.2029372216128293,4527.928729437937
5077.546682371375,5077.546682371375,-145.511600262165,145.511600262165,5076.894720482848
8344.803168367642,8344.803168367642,-502.1914804587529,502.1914804587529,8343.048059942354
8937.342716988489,8937.342716988489,380.724223635408,-380.724223635408,8938.628558431801
1094.819883555354,1094.819883555354,0.6480084475408747,-0.6480084475408747,1094.826136368427
1945.671487305149,1945.671487305149,34.01102148238729,-34.01102148238729,1945.917673758189
3928.392159964763,3928.392159964763,9.675932867460551,-9.675932867460551,3928.44144922355
619.4853186929446,619.4853186929446,41.20806475835948,-41.20806475835948,620.0140375654227
5700.657213402154,5700.657213402154,-69.56603090397184,69.56603090397184,5700.363045925409
3668.578350396047,3668.578350396047,-229.1076628368232,229.1076628368232,3667.370757726231
1918.932811147243,1918.932811147243,-99.64344030382233,99.64344030382233,1918.206632905036
2282.424520027017,2282.424520027017,-224.2994874952066,224.2994874952066,2280.925787082129
9887.09232500576,9887.09232500576,-574.4596015247644,574.4596015247644,9885.247859923293
7377.397830043825,7377.397830043825,-656.2296324602459,656.2296324602459,7374.958706318306
5117.178147551364,5117.178147551364,-173.9104488132624,173.9104488132624,5116.401972937138
9963.323016119401,9963.323016119401,960.3283617034139,-960.3283617034139,9966.394983605154
1136.218431315151,1136.218431315151,16.15318988255527,-16.15318988255527,1136.371436975968
8143.699763043859,8143.699763043859,284.9723871968053,-284.9723871968053,8144.70801910356
8042.349417482083,8042.349417482083,39.6046796661013,-39.6046796661013,8042.490418560978
6137.312348351325,6137.312348351325,369.3577813592198,-369.3577813592198,6138.817742634824
2012.052127162096,2012.052127162096,18.29840798364217,-18.29840798364217,2012.182373708589
6523.439579740389,6523.439579740389,425.9946249267191,-425.9946249267191,6525.123646551467
3276.311742750764,3276.311742750764,-263.1330161558319,263.1330161558319,3274.84417017045
1465.124795287697,1465.124795287697,70.40044210879253,-70.40044210879253,1465.712077816847
2322.346548878641,2322.346548878641,-172.0425250445775,172.0425250445775,2321.206864754043
9775.547920840016,9775.547920840016,-320.8540791789093,320.8540791789093,9774.511846306215
780.5790740728872,780.5790740728872,57.51827757207947,-57.51827757207947,781.2365113179212
2648.780683265787,2648.780683265787,128.8019739355638,-128.8019739355638,2649.579777068005
587.2592260957809,587.2592260957809,23.74636356981752,-23.74636356981752,587.5721260584467
4825.030029314703,4825.030029314703,82.05696938124449,-82.05696938124449,4825.407201315667
145.1923987037991,145.1923987037991,-2.881522628574138,2.881522628574138,145.1160575899578
9800.121126684327,9800.121126684327,441.3526674307084,-441.3526674307084,9801.54460645277
2148.197424308644,2148.197424308644,-9.849265577284793,9.849265577284793,2148.129577594493
1019.986154515881,1019.986154515881,79.25041065549151,-79.25041065549151,1020.778572238392
3357.468644198851,3357.468644198851,198.4718886425034,-198.4718886425034,3358.562333276668
4981.617894934188,4981.617894934188,-255.3691457061982,255.3691457061982,4980.462784422836
1110.6347865632,1110.6347865632,-42.29972976928666,42.29972976928666,1110.229578727061
10872.74199517657,10872.74199517657,-542.3658989145207,542.3658989145207,10871.08136950685
3627.550019801647,3627.550019801647,-12.00992331010335,12.00992331010335,3627.486355332784
3248.019269943768,3248.019269943768,234.9659666309817,-234.9659666309817,3249.33572231831
677.8199524743474,677.8199524743474,-55.16652448977457,55.16652448977457,677.1435961328064
3257.818904930044,3257.818904930044,-209.9767741036416,209.9767741036416,3256.644455991307
506.3948664828284,506.3948664828284,-1.464112557762657,1.464112557762657,506.374093882707
5520.89160006549,5520.89160006549,541.6125853700859,-541.6125853700859,5523.219130627986
8317.154960316109,8317.154960316109,209.1825783864771,-209.1825783864771,8317.887301016508
6893.277601410083,6893.277601410083,-275.1113869982178,275.1113869982178,6892.219701659018
981.98650142725,981.98650142725,69.73889188059417,-69.73889188059417,982.6971686937559
883.3602478524161,883.3602478524161,83.779376710799,-83.779376710799,884.2604587287049
8489.898380724107,8489.898380724107,496.802664732593,-496.802664732593,8491.619932860982
9886.886811154065,9886.886811154065,-723.0531168830859,723.0531168830859,9884.565248434435
5830.491029150944,5830.491029150944,-370.2602530823757,370.2602530823757,5828.942957015477
1192.391458139775,1192.391458139775,63.77289876234626,-63.77289876234626,1192.981178203099
9020.410154356701,9020.410154356701,443.5058016461313,-443.5058016461313,9021.901126752318
3693.141382476123,3693.141382476123,-250.5956620324846,250.5956620324846,3691.824938531222
3211.167658208285,3211.167658208285,-319.6124658458555,319.6124658458555,3209.367142871562
8152.081570807291,8152.081570807291,-697.653038971349,697.653038971349,8149.614748482126
113.0068821649187,113.0068821649187,7.011894196140553,-7.011894196140553,113.2175753794537
529.2902866629449,529.2902866629449,6.224176354468643,-6.224176354468643,529.376667645731
7295.747795948691,7295.747795948691,469.9550954938009,-469.9550954938009,7297.504558608231
6591.780787383495,6591.780787383495,443.1369036288838,-443.1369036288838,6593.523519905756
5746.717233884915,5746.717233884915,-490.3017324300365,490.3017324300365,5744.652424364766
7970.716302942316,7970.716302942316,-400.4918930335336,400.4918930335336,7969.28414458996
7725.429820100349,7725.429820100349,368.940242589424,-368.940242589424,7726.770049167259
8535.081536803506,8535.081536803506,823.3271160593354,-823.3271160593354,8537.927113314659
3145.672504633592,3145.672504633592,-103.5644465893537,103.5644465893537,3145.082983901179
7564.626887299945,7564.626887299945,-327.5883902445594,327.5883902445594,7563.424393122873
6080.60460731191,6080.60460731191,126.5765305778318,-126.5765305778318,6081.122875503739
4331.296617368735,4331.296617368735,-77.86474948459406,77.86474948459406,4330.918881736062
672.854856230456,672.854856230456,63.71816002833619,-63.71816002833619,673.6393590446548
8521.95733047809,8521.95733047809,524.8928498776366,-524.8928498776366,8523.772802672562
3687.528547040489,3687.528547040489,-111.7473716501137,111.7473716501137,3686.941033583708
6639.819305033157,6639.819305033157,408.851598763229,-408.851598763229,6641.421366808067
8096.817982712727,8096.817982712727,304.3778993317727,-304.3778993317727,8097.898012925613
1144.975042076536,1144.975042076536,-50.55464893047943,50.55464893047943,1144.498080549002
1397.024772369656,1397.024772369656,67.7395599334579,-67.7395599334579,1397.603468761652
6002.726588927007,6002.726588927007,388.6433973630967,-388.6433973630967,6004.328253143856
5300.260829973511,5300.260829973511,-111.2978172509274,111.2978172509274,5299.772747150529
9726.76584373162,9726.76584373162,318.5583513739411,-318.5583513739411,9727.797136023193
8727.143125473081,8727.143125473081,-58.51444384633284,58.51444384633284,8726.943143872173
8021.307657211078,8021.307657211078,401.5915062909216,-401.5915062909216,8022.739340000753
560.798192005429,560.798192005429,-38.64937255481928,38.64937255481928,560.277232764571
796.2261220581162,796.2261220581162,12.05368107913606,-12.05368107913606,796.3625130155441
967.0854420269712,967.0854420269712,-61.52766126921334,61.52766126921334,966.4538559377771
8720.486488716702,8720.486488716702,749.3784995445153,-749.3784995445153,8723.048778604581
10300.57790853079,10300.57790853079,-60.39649155283573,60.39649155283573,10300.3879125521
7468.325197416496,7468.325197416496,248.5217965341323,-248.5217965341323,7469.243385638954
1442.842125259246,1442.842125259246,18.46055978133006,-18.46055978133006,1442.997296999687
7894.420146670854,7894.420146670854,364.7907945670096,-364.7907945670096,7895.731039764545
1205.491069056374,1205.491069056374,96.51160608655437,-96.51160608655437,1206.378721481049
1283.474424054471,1283.474424054471,112.359270493883,-112.359270493883,1284.475957533576
6998.661872556805,6998.661872556805,-352.1851359731361,352.1851359731361,6997.317845038201
3591.737667788556,3591.737667788556,-143.8504003039859,143.8504003039859,3590.971363775005
7141.688722813636,7141.688722813636,58.67663015624666,-58.67663015624666,7141.910406416902
8182.862971479739,8182.862971479739,401.1821495813545,-401.1821495813545,8184.279004054562
6370.237744681613,6370.237744681613,-608.2894115086868,608.2894115086868,6367.804664296999
8083.473118610495,8083.473118610495,-617.3121943729041,617.3121943729041,8081.281111754643
2565.114389791358,2565.114389791358,-235.9227519845426,235.9227519845426,2563.627362297869
8028.041227945979,8028.041227945979,-22.55812667340343,22.55812667340343,8027.960845236092
10601.94768952109,10601.94768952109,782.8051737827886,-782.8051737827886,10604.37514464687
9469.579576806178,9469.579576806178,-383.6435620578346,383.6435620578346,9468.320901737558
942.0397696989705,942.0397696989705,-66.24858259435202,66.24858259435202,941.3507557168135
4002.687160054609,4002.687160054609,-152.8461197922994,152.8461197922994,4001.915860346228
4032.858539696788,4032.858539696788,-121.11911269055,121.11911269055,4032.249626637591
7482.666006882759,7482.666006882759,-530.7195374991221,530.7195374991221,7480.707279621897
6531.416483298221,6531.416483298221,88.27065065236991,-88.27065065236991,6531.765208979915
8622.322356400533,8622.322356400533,-588.7963197802251,588.7963197802251,8620.297972094542
4015.97282809693,4015.97282809693,-234.5747565018871,234.5747565018871,4014.791094900997
2250.542309375241,2250.542309375241,-116.0845086978385,116.0845086978385,2249.761116127587
946.7586972013988,946.7586972013988,-63.6890688545033,63.6890688545033,946.0979505812586
8431.934176473549,8431.934176473549,125.0499781855027,-125.0499781855027,8432.368978051294
2246.682797959572,2246.682797959572,-88.06406534402561,88.06406534402561,2246.089647762714
4241.191025935139,4241.191025935139,322.8363064801507,-322.8363064801507,4242.773893059802
6027.176904568796,6027.176904568796,33.48519241567357,-33.48519241567357,6027.314614038685
2500.956371848321,2500.956371848321,58.95750677407724,-58.95750677407724,2501.33278768548
7012.017396620324,7012.017396620324,357.4852471579385,-357.4852471579385,7013.380482536607
5292.079107705325,5292.079107705325,-17.09375842352167,17.09375842352167,5292.004085754103
1658.70867084498,1658.70867084498,-131.9322174947295,131.9322174947295,1657.674568325806
8541.142871040745,8541.142871040745,374.9803631394755,-374.9803631394755,8542.438356356008
1099.02285916473,1099.02285916473,8.92576351802432,-8.92576351802432,1099.108823043252
3212.186563645499,3212.186563645499,-93.36385711898069,93.36385711898069,3211.660635850897
2592.925494244042,2592.925494244042,-17.36580064295344,17.36580064295344,2592.81661108086
5798.817663516063,5798.817663516063,-26.43206831687616,26.43206831687616,5798.706841807139
999.5406424203996,999.5406424203996,57.2494103440739,-57.2494103440739,1000.118870352812
4427.360331355699,4427.360331355699,386.6342251587641,-386.6342251587641,4429.215736871957
1145.335557245408,1145.335557245408,-59.44789216657489,59.44789216657489,1144.774790286473
1226.577718630279,1226.577718630279,76.59986196581823,-76.59986196581823,1227.276124277653
8568.405850595758,8568.405850595758,573.116615904933,-573.116615904933,8570.382745250925
3184.922582497406,3184.922582497406,-224.8287303149286,224.8287303149286,3183.650765861259
6592.495751475937,6592.495751475937,-62.7016174892027,62.7016174892027,6592.249195660439
10534.48879399929,10534.48879399929,802.9997317299676,-802.9997317299676,10536.9868369729
4724.133589138253,4724.133589138253,258.7819499569176,-258.7819499569176,4725.335759498612
7588.87822181176,7588.87822181176,-568.4637039415619,568.4637039415619,7586.794932257318
8280.818383986707,8280.818383986707,467.3531363761401,-467.3531363761401,8282.458201518231
4725.852128504779,4725.852128504779,362.7207742513086,-362.7207742513086,4727.536882743737
7160.105088774039,7160.105088774039,24.63122289693128,-24.63122289693128,7160.198026743934
1198.954419047892,1198.954419047892,-34.59145780822151,34.59145780822151,1198.635482609354
10199.55882391299,10199.55882391299,981.7866426675846,-981.7866426675846,10202.66284709846
2047.734388544082,2047.734388544082,-103.575002189507,103.575002189507,2047.003678819351
2907.571457388139,2907.571457388139,210.5973189182935,-210.5973189182935,2908.818552823122
8714.799932291275,8714.799932291275,-563.997956067738,563.997956067738,8712.871118584813
5326.196039064748,5326.196039064748,-30.32557722842087,30.32557722842087,5326.063371946883
8399.431118315028,8399.431118315028,-16.84579347269789,16.84579347269789,8399.372432752309
4325.681678014851,4325.681678014851,-265.3169541065444,265.3169541065444,4324.393811380181
2981.410448213072,2981.410448213072,-191.9711459439794,191.9711459439794,2980.288042964502
406.8139079501929,406.8139079501929,23.45555531559391,-23.45555531559391,407.1852826957788
7354.500346808819,7354.500346808819,239.9171734087261,-239.9171734087261,7355.393577077535
4692.232588407991,4692.232588407991,333.2138162580738,-333.2138162580738,4693.785814445824
4934.447662864427,4934.447662864427,170.4241598191241,-170.4241598191241,4935.222293068425
6661.56986015703,6661.56986015703,303.4850298087487,-303.4850298087487,6662.757087317824
648.9622115829615,648.9622115829615,-2.803102472326508,2.803102472326508,648.9270807142889
3449.708340975434,3449.708340975434,301.6575040880962,-301.6575040880962,3451.348326586431
8440.543835415836,8440.543835415836,658.539253246105,-658.539253246105,8442.832548660401
7607.237538913574,7607.237538913574,-262.5597266795144,262.5597266795144,7606.276443728771
1369.103414255573,1369.103414255573,126.1370500178625,-126.1370500178625,1370.192034279768
1421.744292603673,1421.744292603673,-116.4682025272925,116.4682025272925,1420.758270152086
1008.864595829839,1008.864595829839,-38.30381768406189,38.30381768406189,1008.479605626201
85.52106665784501,85.52106665784501,-0.1157679039319024,0.1157679039319024,85.51706986133273
4621.723814148191,4621.723814148191,-439.6924460967655,439.6924460967655,4619.659080699969
7160.925789846839,7160.925789846839,124.4582156769848,-124.4582156769848,7161.395372018049
7896.582737210982,7896.582737210982,442.1884929834832,-442.1884929834832,7898.171558974745
5802.499113800979,5802.499113800979,491.439595218445,-491.439595218445,5804.559111024112
1188.718339756475,1188.718339756475,94.25102549486719,-94.25102549486719,1189.591294617968
6900.884098051684,6900.884098051684,44.0714179117171,-44.0714179117171,6901.053482220696
1381.858028991976,1381.858028991976,68.87271528657092,-68.87271528657092,1382.449628025586
1467.094993017176,1467.094993017176,-12.03820318951473,12.03820318951473,1466.994649199068
1077.043274682228,1077.043274682228,-106.1549520156972,106.1549520156972,1076.010786573683
1551.463634621954,1551.463634621954,110.6833695269851,-110.6833695269851,1552.360939100509
1837.908933422957,1837.908933422957,48.36210662085402,-48.36210662085402,1838.26912204264
2143.726977812723,2143.726977812723,-79.31881213752246,79.31881213752246,2143.180050945251
3467.931583957282,3467.931583957282,-159.509491679493,159.509491679493,3467.066835709171
3456.453957674936,3456.453957674936,256.7772701741166,-256.7772701741166,3457.848560303865
2376.54402882547,2376.54402882547,141.1464285821184,-141.1464285821184,2377.468524069706
2742.230084029885,2742.230084029885,-220.6060653261937,220.6060653261937,2740.885221968289
9753.491432938727,9753.491432938727,447.0545336399979,-447.0545336399979,9754.936746352983
7681.407281828368,7681.407281828368,-652.8014737032121,652.8014737032121,7679.029387168383
6070.42554832386,6070.42554832386,102.7792862906041,-102.7792862906041,6070.846729601913
2014.668952916846,2014.668952916846,133.8674071895242,-133.8674071895242,2015.621288048771
2316.11289298054,2316.11289298054,155.8912214820153,-155.8912214820153,2317.147214985789
844.9591850147688,844.9591850147688,57.04445312142347,-57.04445312142347,845.5858588056462
9981.541886945221,9981.541886945221,-992.2636814522037,992.2636814522037,9978.371156799463
7719.550322903573,7719.550322903573,427.9869212259384,-427.9869212259384,7721.105650452887
6092.828883863514,6092.828883863514,-244.0072525866718,244.0072525866718,6091.830859932911
3423.684857077387,3423.684857077387,-322.7353322652767,322.7353322652767,3421.924060161867
1815.541517580192,1815.541517580192,-153.60602080055,153.60602080055,1814.390712406902
6799.637563114296,6799.637563114296,211.5393996331624,-211.5393996331624,6800.45664431662
10791.31110988611,10791.31110988611,790.9436013539591,-790.9436013539591,10793.74218491309
1861.728987850336,1861.728987850336,30.81806955212691,-30.81806955212691,1861.957035707116
2815.964752998098,2815.964752998098,-249.8645524516081,249.8645524516081,2814.461615980583
4334.338957429829,4334.338957429829,-80.82549644367272,80.82549644367272,4333.946996641359
808.3448680888933,808.3448680888933,13.49771119099763,-13.49771119099763,808.4964500920427
7472.481339426025,7472.481339426025,-86.7707037073986,86.7707037073986,7472.160858977536
4395.387758040177,4395.387758040177,233.8054196440178,-233.8054196440178,4396.513786280611
10735.60890482613,10735.60890482613,848.1359784067145,-848.1359784067145,10738.22253460595
4393.1556705852,4393.1556705852,-71.02612441686085,71.02612441686085,4392.813543968942
6779.699679260995,6779.699679260995,-356.9133774077841,356.9133774077841,6778.315791303542
1686.281385250092,1686.281385250092,-2.945867937367593,2.945867937367593,1686.258481200663
4165.533668146967,4165.533668146967,42.72431512827379,-42.72431512827379,4165.745022302044
1760.166374510568,1760.166374510568,-42.84981240609995,42.84981240609995,1759.840299553128
8280.962087389393,8280.962087389393,118.6194755417563,-118.6194755417563,8281.378272514658
9515.246784681796,9515.246784681796,-192.7831828185222,192.7831828185222,9514.615802036913
3831.634384388605,3831.634384388605,-113.0975447375047,113.0975447375047,3831.051060030114
7488.20654664935,7488.20654664935,490.5655523959232,-490.5655523959232,7490.016635435051
3213.085526646221,3213.085526646221,169.0368825613998,-169.0368825613998,3214.037704324219
5796.163886028761,5796.163886028761,101.9593607124207,-101.9593607124207,5796.591478727582
9092.660648393065,9092.660648393065,427.1757820365697,-427.1757820365697,9094.091002955542
6526.485365824185,6526.485365824185,-221.0543261629232,221.0543261629232,6525.611770507691
3662.705665293403,3662.705665293403,246.8498988130402,-246.8498988130402,3664.008040247596
3268.534929867524,3268.534929867524,33.21359921460616,-33.21359921460616,3268.720415823633
4943.768331561727,4943.768331561727,350.5090360945998,-350.5090360945998,4945.360065983
4616.658470127111,4616.658470127111,63.88094515700106,-63.88094515700106,4616.958648925543
3928.07981121073,3928.07981121073,-381.8553891480825,381.8553891480825,3926.134807213227
6098.620620172333,6098.620620172333,243.5197868053413,-243.5197868053413,6099.616258634711
8110.923029562281,8110.923029562281,-163.0202605990266,163.0202605990266,8110.345114247978
4635.10884154342,4635.10884154342,368.2632595776336,-368.2632595776336,4636.836008684279
4689.953278617888,4689.953278617888,281.3504573476761,-281.3504573476761,4691.265053241458
1364.085143496516,1364.085143496516,-122.0738280660586,122.0738280660586,1363.03006853188
266.9927573182351,266.9927573182351,15.9951696067188,-15.9951696067188,267.3053880207565
3169.793651022933,3169.793651022933,228.2494113729115,-228.2494113729115,3171.088156801762
3468.377327008249,3468.377327008249,-274.944893522368,274.944893522368,3466.886932222595
7140.357333315808,7140.357333315808,-713.8246964989838,713.8246964989838,7137.660487736919
10452.71109862408,10452.71109862408,241.3015096588769,-241.3015096588769,10453.46466044807
10221.08832342925,10221.08832342925,-910.0567733894088,910.0567733894088,10218.21453440318
5001.592424691249,5001.592424691249,339.6972123403661,-339.6972123403661,5003.1261112636
2626.84552859686,2626.84552859686,-116.6125232551868,116.6125232551868,2626.119149403692
8344.157245441203,8344.157245441203,-234.3853514993055,234.3853514993055,8343.338037671969
8294.233005940965,8294.233005940965,632.5024495509026,-632.5024495509026,8296.450531399178
8090.198813761403,8090.198813761403,-289.5771599372049,289.5771599372049,8089.170947979363
8123.407754066062,8123.407754066062,-731.0487038932825,731.0487038932825,8120.818300857922
1157.068711971995,1157.068711971995,-108.0890799712883,108.0890799712883,1156.054397710147
7444.784582027259,7444.784582027259,460.9757242933883,-460.9757242933883,7446.490437988326
5060.295299979195,5060.295299979195,-361.8496714300478,361.8496714300478,5058.671356533537
2317.558690999648,2317.558690999648,189.113932511854,-189.113932511854,2318.813080451683
1076.220171767208,1076.220171767208,-4.056399242594195,4.056399242594195,1076.18069408537
8996.003978713781,8996.003978713781,776.4609605329858,-776.4609605329858,8998.617896009959
1911.731361424455,1911.731361424455,7.804718984848506,-7.804718984848506,1911.78835325037
1786.77412458148,1786.77412458148,12.27706647744195,-12.27706647744195,1786.866856855777
7274.678364858562,7274.678364858562,-475.3507611236222,475.3507611236222,7272.899076924987
9769.515146994394,9769.515146994394,116.5810170803824,-116.5810170803824,9769.891730258938
5642.465309820927,5642.465309820927,-330.1633866441095,330.1633866441095,5641.062066595943
7675.717298820042,7675.717298820042,-342.9843449009502,342.9843449009502,7674.467435197761
1677.767683813709,1677.767683813709,64.74077092063874,-64.74077092063874,1678.272356850201
10414.71157436748,10414.71157436748,-845.2937964624283,845.2937964624283,10412.06720581194
5908.176819400648,5908.176819400648,505.4332943022297,-505.4332943022297,5910.276441692155
7424.833370152931,7424.833370152931,-58.8089155667025,58.8089155667025,7424.615467696951
399.4778461432506,399.4778461432506,19.67780447414927,-19.67780447414927,399.7922451658062
8839.033667682104,8839.033667682104,462.508911207488,-462.508911207488,8840.6044011536
8177.263936411401,8177.263936411401,355.579121832938,-355.579121832938,8178.51942974029
1312.902797472882,1312.902797472882,35.43482511294106,-35.43482511294106,1313.215049539169
5735.168334701976,5735.168334701976,-316.2839110992713,316.2839110992713,5733.834984386625
3559.180726980971,3559.180726980971,-29.96180648763656,29.96180648763656,3559.020382661369
5968.967232061217,5968.967232061217,139.5070138867206,-139.5070138867206,5969.543762747549
4357.074458281682,4357.074458281682,-324.8973798123795,324.8973798123795,4355.503100601491
4534.165061974309,4534.165061974309,-207.4337609005927,207.4337609005927,4533.181565692702
1974.298555263119,1974.298555263119,-14.78644143565842,14.78644143565842,1974.192308206646
2789.689366350979,2789.689366350979,-134.4312862017016,134.4312862017016,2788.876804743439
224.41226659135,224.41226659135,-19.17300881721652,19.17300881721652,224.0038205177022
10089.40871665271,10089.40871665271,61.18678759630874,-61.18678759630874,10089.60320446185
7140.463887637147,7140.463887637147,322.3466095154196,-322.3466095154196,7141.681878154279
10187.03804748647,10187.03804748647,655.1861667641436,-655.1861667641436,10189.11070878746
1786.145601426162,1786.145601426162,43.39747333216184,-43.39747333216184,1786.473463694252
10061.24532611047,10061.24532611047,666.3359287940001,-666.3359287940001,10063.36639973459
8680.14808210135,8680.14808210135,-101.5723403997128,101.5723403997128,8679.800006938694
6306.976810626724,6306.976810626724,-113.8595868306006,113.8595868306006,6306.5190730115
4806.608812489251,4806.608812489251,-410.8308762914359,410.8308762914359,4804.717050718788
2814.014846109957,2814.014846109957,-50.17895858547445,50.17895858547445,2813.712842388137
8213.610460214157,8213.610460214157,-67.75023582084734,67.75023582084734,8213.371785670173
2497.856753038392,2497.856753038392,-205.787138339622,205.787138339622,2496.542306842421
701.2155555817085,701.2155555817085,10.75249230387058,-10.75249230387058,701.345204511858
8381.640246212522,8381.640246212522,786.6703480709331,-786.6703480709331,8384.383899951725
7331.641470649438,7331.641470649438,-626.566300267164,626.566300267164,7329.305338964423
7812.366299005732,7812.366299005732,268.7524939863716,-268.7524939863716,7813.337122306751
7013.330428982968,7013.330428982968,603.7220202137131,-603.7220202137131,7015.632273519714
4577.364511264598,4577.364511264598,149.1511461531859,-149.1511461531859,4578.068395172042
4268.394223916199,4268.394223916199,-97.18209303923575,97.18209303923575,4267.919318194106
8914.798343707151,8914.798343707151,843.0936521039134,-843.0936521039134,8917.649495043026
3467.364554712845,3467.364554712845,120.1946375128706,-120.1946375128706,3468.016290007235
8897.317939393814,8897.317939393814,-401.7473395120325,401.7473395120325,8895.958147786796